{
  "vehicles": [
    {
      "id": 1,
      "start": [2.35044, 48.71764],
      "end": [2.35044, 48.71764],
      "capacity": [4]
    }
  ],
  "jobs": [
    {
      "id": 1,
      "service": 300,
      "delivery": [1],
      "location": [1.98935, 48.701]
    },
    {
      "id": 2,
      "service": 300,
      "delivery": [1],
      "location": [2.03655, 48.61128]
    },
    {
      "id": 3,
      "service": 300,
      "delivery": [1],
      "location": [2.28325, 48.5958]
    },
    {
      "id": 4,
      "service": 300,
      "delivery": [1],
      "location": [2.89357, 48.90736]
    }
  ]
}
